ref_month,release_date,actual,forecast
2026-09,2026-10-01,,55.0
2026-08,2026-09-01,54.6,55.2
2026-07,2026-08-03,55.6,54.0
2026-06,2026-07-01,53.3,53.8
2026-05,2026-06-01,54.0,53.3
2026-04,2026-05-01,52.7,53.1
2026-03,2026-04-01,52.7,52.3
2026-02,2026-03-03,52.4,51.7
2026-01,2026-02-03,52.6,48.5
2025-12,2026-01-06,47.9,48.3
2025-11,2025-12-02,48.2,49.0
2025-10,2025-11-04,48.7,49.4
2025-09,2025-10-01,49.1,49.0
2025-08,2025-09-02,48.7,49.0
2025-07,2025-08-01,48.0,49.5
2025-06,2025-07-01,49.0,48.8
2025-05,2025-06-02,48.5,49.3
2025-04,2025-05-01,48.7,48.0
2025-03,2025-04-01,49.0,49.5
2025-02,2025-03-04,50.3,50.6
2025-01,2025-02-04,50.9,49.3
2024-12,2025-01-04,49.3,48.2
2024-11,2024-12-03,48.4,47.7
2024-10,2024-11-01,46.5,47.6
2024-09,2024-10-01,47.2,47.6
2024-08,2024-09-03,47.2,47.5
2024-07,2024-08-01,46.8,48.8
2024-06,2024-07-01,48.5,49.2
2024-05,2024-06-03,48.7,49.8
2024-04,2024-05-01,49.2,50.0
2024-03,2024-04-01,50.3,48.5
2024-02,2024-03-02,47.8,49.5
2024-01,2024-02-02,49.1,47.2
2023-12,2024-01-04,47.4,47.1
2023-11,2023-12-02,46.7,47.6
2023-10,2023-11-01,46.7,49.0
2023-09,2023-10-02,49.0,47.7
2023-08,2023-09-01,47.6,47.0
2023-07,2023-08-01,46.4,46.8
2023-06,2023-07-03,46.0,47.2
2023-05,2023-06-01,46.9,47.0
2023-04,2023-05-01,47.1,46.8
2023-03,2023-04-03,46.3,47.5
2023-02,2023-03-02,47.7,48.0
2023-01,2023-02-02,47.4,48.0
2022-12,2023-01-05,48.4,48.5
2022-11,2022-12-02,49.0,49.8
2022-10,2022-11-01,50.2,50.0
2022-09,2022-10-03,50.9,52.2
2022-08,2022-09-01,52.8,52.0
2022-07,2022-08-01,52.8,52.0
2022-06,2022-07-01,53.0,54.9
2022-05,2022-06-01,56.1,54.5
2022-04,2022-05-02,55.4,57.6
2022-03,2022-04-01,57.1,59.0
2022-02,2022-03-02,58.6,58.0
2022-01,2022-02-02,57.6,57.5
2021-12,2022-01-05,58.7,60.0
2021-11,2021-12-02,61.1,61.0
2021-10,2021-11-01,60.8,60.5
2021-09,2021-10-01,61.1,59.6
2021-08,2021-09-01,59.9,58.6
2021-07,2021-08-02,59.5,60.9
2021-06,2021-07-01,60.6,61.0
2021-05,2021-06-01,61.2,60.9
2021-04,2021-05-03,60.7,65.0
2021-03,2021-04-01,64.7,61.3
2021-02,2021-03-02,60.8,58.8
2021-01,2021-02-02,58.7,60.0
2020-12,2021-01-06,60.7,56.6
2020-11,2020-12-02,57.5,58.0
2020-10,2020-11-03,59.3,55.8
2020-09,2020-10-01,55.4,56.4
2020-08,2020-09-01,56.0,54.5
2020-07,2020-08-03,54.2,53.6
2020-06,2020-07-01,52.6,49.5
2020-05,2020-06-01,43.1,43.0
2020-04,2020-05-01,41.5,36.9
2020-03,2020-04-01,49.1,45.0
2020-02,2020-03-03,50.1,50.5
2020-01,2020-02-04,50.9,48.5
2019-12,2020-01-04,47.2,49.0
2019-11,2019-12-03,48.1,49.2
2019-10,2019-11-01,48.3,48.9
2019-09,2019-10-01,47.8,50.4
2019-08,2019-09-03,49.1,51.1
2019-07,2019-08-01,51.2,52.0
2019-06,2019-07-01,51.7,51.0
2019-05,2019-06-03,52.1,53.0
2019-04,2019-05-01,52.8,55.0
2019-03,2019-04-01,55.3,54.5
2019-02,2019-03-02,54.2,55.5
2019-01,2019-02-02,56.6,54.2
2018-12,2019-01-04,54.1,57.7
2018-11,2018-12-04,59.3,57.6
2018-10,2018-11-01,57.7,59.0
2018-09,2018-10-01,59.8,60.1
2018-08,2018-09-04,61.3,57.6
2018-07,2018-08-01,58.1,59.4
2018-06,2018-07-02,60.2,58.4
2018-05,2018-06-01,58.7,58.2
2018-04,2018-05-01,57.3,58.6
2018-03,2018-04-02,59.3,60.1
2018-02,2018-03-02,60.8,58.7
2018-01,2018-02-02,59.1,58.8
2017-12,2018-01-04,59.7,58.1
2017-11,2017-12-02,58.2,58.4
2017-10,2017-11-01,58.7,59.5
2017-09,2017-10-02,60.8,58.0
2017-08,2017-09-01,58.8,56.5
2017-07,2017-08-01,56.3,56.5
2017-06,2017-07-03,57.8,55.2
2017-05,2017-06-01,54.9,54.5
2017-04,2017-05-01,54.8,56.5
2017-03,2017-04-03,57.2,57.0
2017-02,2017-03-02,57.7,56.0
2017-01,2017-02-02,56.0,55.0
2016-12,2017-01-04,54.7,53.6
2016-11,2016-12-02,53.2,52.2
2016-10,2016-11-01,51.9,51.7
2016-09,2016-10-03,51.5,50.3
2016-08,2016-09-01,49.4,52.0
2016-07,2016-08-01,52.6,53.0
2016-06,2016-07-01,53.2,51.4
2016-05,2016-06-01,51.3,50.4
2016-04,2016-05-02,50.8,51.4
2016-03,2016-04-01,51.8,50.7
2016-02,2016-03-02,49.5,48.5
2016-01,2016-02-02,48.2,48.1
2015-12,2016-01-05,48.2,49.0
2015-11,2015-12-02,48.6,50.5
2015-10,2015-11-03,50.1,50.0
2015-09,2015-10-01,50.2,50.6
2015-08,2015-09-01,51.1,52.6
2015-07,2015-08-03,52.7,53.5
2015-06,2015-07-01,53.5,53.1
2015-05,2015-06-01,52.8,52.0
2015-04,2015-05-01,51.5,52.0
2015-03,2015-04-01,51.5,52.5
2015-02,2015-03-03,52.9,53.0
2015-01,2015-02-03,53.5,54.5
2014-12,2015-01-03,55.5,57.6
2014-11,2014-12-02,58.7,57.9
2014-10,2014-11-04,59.0,56.2
2014-09,2014-10-01,56.6,58.5
2014-08,2014-09-02,59.0,56.8
2014-07,2014-08-01,57.1,56.0
2014-06,2014-07-01,55.3,55.8
2014-05,2014-06-02,55.4,55.5
2014-04,2014-05-01,54.9,54.3
2014-03,2014-04-01,53.7,54.0
2014-02,2014-03-04,53.2,52.0
2014-01,2014-02-04,51.3,56.4
2013-12,2014-01-03,57.0,57.0
2013-11,2013-12-03,57.3,55.0
2013-10,2013-11-01,56.4,55.0
2013-09,2013-10-01,56.2,55.0
2013-08,2013-09-03,55.7,54.0
2013-07,2013-08-01,55.4,52.0
2013-06,2013-07-01,50.9,50.5
2013-05,2013-06-03,49.0,50.7
2013-04,2013-05-01,50.7,50.9
2013-03,2013-04-01,51.3,54.2
2013-02,2013-03-02,54.2,52.5
2013-01,2013-02-02,53.1,50.6
2012-12,2013-01-03,50.7,50.3
2012-11,2012-12-04,49.5,51.3
2012-10,2012-11-01,51.7,51.2
2012-09,2012-10-01,51.5,49.7
2012-08,2012-09-04,49.6,50.0
2012-07,2012-08-01,49.8,50.2
2012-06,2012-07-02,49.7,52.0
2012-05,2012-06-01,53.5,53.9
2012-04,2012-05-01,54.8,53.0
2012-03,2012-04-02,53.4,53.0
2012-02,2012-03-02,52.4,54.6
2012-01,2012-02-02,54.1,54.5
2011-12,2012-01-04,53.9,53.2
2011-11,2011-12-02,52.7,51.5
2011-10,2011-11-01,50.8,52.1
2011-09,2011-10-03,51.6,50.5
2011-08,2011-09-01,50.6,48.5
2011-07,2011-08-01,50.9,54.8
2011-06,2011-07-01,55.3,51.5
2011-05,2011-06-01,53.5,57.5
2011-04,2011-05-02,60.4,59.7
2011-03,2011-04-01,61.2,61.0
2011-02,2011-03-02,61.4,60.9
2011-01,2011-02-02,60.8,58.2
2010-12,2011-01-04,57.0,57.3
2010-11,2010-12-02,56.6,56.4
2010-10,2010-11-01,56.9,53.6
2010-09,2010-10-01,54.4,54.5
2010-08,2010-09-01,56.3,53.0
2010-07,2010-08-02,55.5,54.2
2010-06,2010-07-01,56.2,59.0
2010-05,2010-06-01,59.7,58.9
2010-04,2010-05-03,60.4,60.0
2010-03,2010-04-01,59.6,57.0
2010-02,2010-03-02,56.5,58.0
2010-01,2010-02-02,58.4,55.2
2009-12,2010-01-05,55.9,54.0
2009-11,2009-12-02,53.6,54.8
2009-10,2009-11-03,55.7,53.0
2009-09,2009-10-01,52.6,54.5
2009-08,2009-09-01,52.9,50.5
2009-07,2009-08-03,48.9,46.5
2009-06,2009-07-01,44.8,44.0
2009-05,2009-06-01,42.8,42.0
2009-04,2009-05-01,40.1,38.0
2009-03,2009-04-01,36.3,35.7
2009-02,2009-03-03,35.8,34.0
2009-01,2009-02-03,35.6,32.4
2008-12,2009-01-03,32.4,35.5
2008-11,2008-12-02,36.2,37.2
2008-10,2008-11-04,38.9,41.6
2008-09,2008-10-01,43.5,49.5
2008-08,2008-09-02,49.9,49.9
2008-07,2008-08-01,50.0,49.4
2008-06,2008-07-01,50.2,48.6
